id,spd,lifeTime,explosionEntityKey,explosionRadius,explosionDamage,isTracker,icon,name,description,entity
1011,50,5,,1,320,1,i_p_1,¤õ¬¶1,d_p_1,11001
1021,50,5,,1,320,1,i_p_2,¤õ¬¶2,d_p_2,11001
2011,70,2,,0,340,1,i_p_3,¨¾ªÅ¬¶,d_p_3,12001
3011,10,40,,2,2600,0,i_p_4,ºC³t³½¹p,d_p_4,13001
3012,10,40,,2,3200,0,i_p_4,ºC³t³½¹p,d_p_4,13001
3013,10,40,,2,4200,0,i_p_4,ºC³t³½¹p,d_p_4,13001
3021,30,20,,2,2600,0,i_p_5,§Ö³t³½¹p,d_p_5,13002
3022,30,20,,2,3200,0,i_p_5,§Ö³t³½¹p,d_p_5,13002
3023,30,20,,2,4200,0,i_p_5,§Ö³t³½¹p,d_p_5,13002
